(no author) =  YARP Developers <yarp0-devel@users.sourceforge.net>
babybot = YARP Developers <yarp0-devel@users.sourceforge.net>
root = YARP Developers <yarp0-devel@users.sourceforge.net>
ale-scalzo = Alessandro Scalzo <alessandro.scalzo@iit.it>
andreadelprete = Andrea Del Prete <andrea.delprete@iit.it>
apaikan = Ali Paikan <ali.paikan@iit.it>
cardellino = Alberto Cardellino <alberto.cardellino@iit.it>
drdanz = Daniele E. Domenichelli <daniele.domenichelli@iit.it>
natta = Lorenzo Natale <lorenzo.natale@iit.it>
randaz81 = Marco Randazzo <marco.randazzo@iit.it>
marco_randa = Marco Randazzo <marco.randazzo@iit.it>
gmetta = Giorgio Metta <giorgio.metta@iit.it>
pattacini = Ugo Pattacini <ugo.pattacini@iit.it>
francesco_nori = Francesco Nori <francesco.nori@iit.it>
elen4 = Elena Ceseracciu <elena.ceseracciu@iit.it>
emmebi75 = Matteo Brunettini <matteo.brunettini@iit.it>
mbrunettini = Matteo Brunettini <matteo.brunettini@iit.it>
vtikha = Vadim Tikhanoff <vadim.tikhanoff@iit.it>
eshuy = Paul Fitzpatrick <paul@robotrebuilt.com>
beltran = Carlos Beltran-Gonzalez <carlos.beltran@iit.it>
pivan0 = Ivan Porro <ivan.porro@nextage-on.com>
agijsberts = Arjan Gijsberts  <arjan@liralab.it>
alex_bernardino = Alexandre Bernardino  <alex@isr.ist.utl.pt>
d-krieg = Daniel Krieg <krieg@fias.uni-frankfurt.de>
jizecn = Ze Ji <z.ji@herts.ac.uk>
jru = Jonas Ruesch <ruesch@ifi.uzh.ch>
spiglerg = Giacomo Spigler <spiglerg@gmail.com>
brunonery = Bruno Nery <brunonery@users.sourceforge.net>
daragao = Duarte Aragao <daragao@users.sourceforge.net>
micheletavella = Michele Tavella <micheletavella@users.sourceforge.net>
orfra = Francesco Orabona <orfra@users.sourceforge.net>
robuckot = Michael Bucko <robuckot@users.sourceforge.net>
claudio72 = Claudio Castellini <claudio72@users.sourceforge.net>
drwho72 = Claudio Castellini <drwho@users.sourceforge.net>
fabienbenureau = Fabien Benureau <fabienbenureau@users.sourceforge.net>
fberton = Fabio Berton <fberton@users.sourceforge.net>
giampiero = Giampiero Salvi <giampiero@users.sourceforge.net>
lbadino = Leonardo Badino <lbadino@users.sourceforge.net>
arwen_h = arwen_h <arwen_h@users.sourceforge.net>
assif = assif <assif@users.sourceforge.net>
eltonio = eltonio <eltonio@users.sourceforge.net>
freedot = freedot <freedot@users.sourceforge.net>
etorresjara = etorresjara <etorresjara@users.sourceforge.net>
lorejam = lorejam <lorejam@users.sourceforge.net>
marcomaggiali = Marco Maggiali <marco.maggiali@iit.it>
gmaxera = gmaxera <gmaxera@users.sourceforge.net>
davidvernon = David Vernon <davidvernon@users.sourceforge.net>
sadega = Sarah Degallier <sadega@users.sourceforge.net>
sebastien-gay = Sebastien Gay <sebastien-gay@users.sourceforge.net>
andrewdankers = andrewdankers <andrewdankers@users.sourceforge.net>
gsaponaro = Giovanni Saponaro <gsaponaro@users.sourceforge.net>
atacchetti = Andrea Tacchetti <atacchetti@users.sourceforge.net>
zenonmathews = Zenon Mathews <zenonmathews@users.sourceforge.net>
reafrancesco = Francesco Rea <reafrancesco@users.sourceforge.net>
righetti = Ludovic Righetti <righetti@users.sourceforge.net>
mtaiana = Matteo Taiana <mtaiana@users.sourceforge.net>
chwress = Christian Wressnegger <chwress@users.sourceforge.net>
fbroz = Frank Broz <fbroz@users.sourceforge.net>
mattfumi = Matteo Fumagalli <mattfumi@users.sourceforge.net>
esauser = Eric Sauser <esauser@users.sourceforge.net>
hrmarti = Harold Martinez <hrmarti@users.sourceforge.net>
egidiofalo = Egidio Falotico <egidiofalo@users.sourceforge.net>
hermes22 = Frank Foerster <hermes22@users.sourceforge.net>
shart115 = Stephen Hart <shart115@users.sourceforge.net>
ciliberto = Carlo Ciliberto <carlo.ciliberto@iit.it>
ma-sa = Mattia Salvi <mattia.salvi@iit.it>
lrivano = Luca Rivano <lrivano@users.sourceforge.net>
andreamrl = Andrea Merello <andreamrl@users.sourceforge.net>
stefanosaliceti = Stefano Saliceti <stefano.saliceti@iit.it>
pliniomoreno = Plinio Moreno <pliniomoreno@users.sourceforge.net>
martimbrandao = Martim Brandao <martimbrandao@users.sourceforge.net>
julijenv = Julien Jenvrin <julijenv@users.sourceforge.net>
lschilli = Lars Schillingmann <lschilli@users.sourceforge.net>
juxi = Juxi Leitner <juxi@users.sourceforge.net>
dtome = Davide Tome <davide.tome@iit.it>
slallee = Stéphane Lallée <stephane.lallee@gmail.com>
gaggeval = Valentina Gaggero <valentina.gaggero@iit.it>
ilaria-gori = Ilaria Gori <ilaria-gori@users.sourceforge.net>
seanryan87 = Sean Ryan Fanello <seanryan87@users.sourceforge.net>
jorhabib = Jorhabib Eljaik Gómez <jorhabib.eljaik@iit.it>
traversaro = Silvio Traversaro <traversaro@users.sourceforge.net>
m4tto = Simone Denei <m4tto@users.sourceforge.net>
alecive = Alessandro Roncone <alecive@users.sourceforge.net>
